,Season,Wins - Predicted Wins
0,2017-2018 Season,-0.3333333333333333
1,2018-2019 Season,-0.6333333333333333
2,2019-2020 Season,-5.816666666666666
3,2020-2021 Season,0.0
